-- MySQL dump 10.13  Distrib 8.0.21, for macos10.15 (x86_64)
--
-- Host: 127.0.0.1    Database: capstone
-- ------------------------------------------------------
-- Server version	8.0.21

/*!40101 SET @OLD_CHARACTER_SET_CLIENT=@@CHARACTER_SET_CLIENT */;
/*!40101 SET @OLD_CHARACTER_SET_RESULTS=@@CHARACTER_SET_RESULTS */;
/*!40101 SET @OLD_COLLATION_CONNECTION=@@COLLATION_CONNECTION */;
/*!50503 SET NAMES utf8mb4 */;
/*!40103 SET @OLD_TIME_ZONE=@@TIME_ZONE */;
/*!40103 SET TIME_ZONE='+00:00' */;
/*!40014 SET @OLD_UNIQUE_CHECKS=@@UNIQUE_CHECKS, UNIQUE_CHECKS=0 */;
/*!40014 SET @OLD_FOREIGN_KEY_CHECKS=@@FOREIGN_KEY_CHECKS, FOREIGN_KEY_CHECKS=0 */;
/*!40101 SET @OLD_SQL_MODE=@@SQL_MODE, SQL_MODE='NO_AUTO_VALUE_ON_ZERO' */;
/*!40111 SET @OLD_SQL_NOTES=@@SQL_NOTES, SQL_NOTES=0 */;

--
-- Table structure for table `reservation`
--

DROP TABLE IF EXISTS `reservation`;
/*!40101 SET @saved_cs_client     = @@character_set_client */;
/*!50503 SET character_set_client = utf8mb4 */;
CREATE TABLE `reservation` (
  `id` bigint NOT NULL AUTO_INCREMENT,
  `user_id` bigint NOT NULL,
  `date` varchar(64) NOT NULL,
  `create_time` datetime NOT NULL DEFAULT CURRENT_TIMESTAMP,
  `songlist_id` int DEFAULT NULL,
  `start_time` timestamp NOT NULL,
  `end_time` timestamp NOT NULL,
  PRIMARY KEY (`id`),
  KEY `reservation_user_id_fk` (`user_id`),
  CONSTRAINT `reservation_user_id_fk` FOREIGN KEY (`user_id`) REFERENCES `user` (`id`)
) ENGINE=InnoDB AUTO_INCREMENT=51 DEFAULT CHARSET=utf8mb4 COLLATE=utf8mb4_0900_ai_ci;
/*!40101 SET character_set_client = @saved_cs_client */;

--
-- Dumping data for table `reservation`
--

LOCK TABLES `reservation` WRITE;
/*!40000 ALTER TABLE `reservation` DISABLE KEYS */;
INSERT INTO `reservation` VALUES (44,1063430995870617600,'2024-12-08','2024-12-08 22:11:44',60,'2024-12-09 01:05:00','2024-12-09 01:35:00'),(45,1063430995870617600,'2024-12-09','2024-12-08 22:26:00',59,'2024-12-10 01:05:00','2024-12-10 01:25:00'),(46,1063430995870617600,'2024-12-09','2024-12-08 22:26:16',60,'2024-12-10 05:25:00','2024-12-10 05:55:00'),(47,1063430995870617600,'2024-12-09','2024-12-08 22:26:27',62,'2024-12-10 05:55:00','2024-12-10 06:25:00'),(48,1063425123228454912,'2024-12-09','2024-12-09 06:46:10',65,'2024-12-10 06:25:00','2024-12-10 06:35:00'),(49,1063430995870617600,'2024-12-09','2024-12-09 10:00:21',66,'2024-12-10 06:35:00','2024-12-10 06:55:00'),(50,1063637005361090560,'2024-12-09','2024-12-09 11:46:34',68,'2024-12-10 01:25:00','2024-12-10 01:35:00');
/*!40000 ALTER TABLE `reservation` ENABLE KEYS */;
UNLOCK TABLES;

--
-- Table structure for table `song`
--

DROP TABLE IF EXISTS `song`;
/*!40101 SET @saved_cs_client     = @@character_set_client */;
/*!50503 SET character_set_client = utf8mb4 */;
CREATE TABLE `song` (
  `id` bigint NOT NULL,
  `name` varchar(255) NOT NULL,
  `duration` int DEFAULT NULL,
  `difficultyLevel` int NOT NULL,
  `singer` varchar(255) DEFAULT NULL,
  `song_id` bigint DEFAULT NULL,
  `create_time` datetime DEFAULT CURRENT_TIMESTAMP,
  `create_userId` bigint NOT NULL,
  `image_id` bigint DEFAULT NULL,
  `audio_id` bigint DEFAULT NULL,
  PRIMARY KEY (`id`),
  KEY `idx_song_difficultyLevel` (`difficultyLevel`),
  KEY `idx_song_name` (`name`)
) ENGINE=InnoDB DEFAULT CHARSET=utf8mb4 COLLATE=utf8mb4_0900_ai_ci;
/*!40101 SET character_set_client = @saved_cs_client */;

--
-- Dumping data for table `song`
--

LOCK TABLES `song` WRITE;
/*!40000 ALTER TABLE `song` DISABLE KEYS */;
INSERT INTO `song` VALUES (1063424885365280768,'movement',155,1,'movement',1063424885365280768,'2024-12-08 21:41:56',1063420261614882816,1063424885365280769,1063425291961110528),(1063426740799541248,'anthem of victory',216,1,'Good_B_Music',1063426740799541248,'2024-12-08 21:49:18',1063420261614882816,1063426740799541249,1063431215048167424),(1063427232871092224,'epic sport',116,2,'LightStockMusic',1063427232871092224,'2024-12-08 21:51:15',1063420261614882816,1063427232871092225,1063435477677379584),(1063427373170561024,'extreme sports',163,2,'BackgroundMusicLab',1063427373170561024,'2024-12-08 21:51:49',1063420261614882816,1063427373170561025,1063431315237507072),(1063427943285526528,'rambo phonk',144,3,'ScrewedQueen',1063427943285526528,'2024-12-08 21:54:05',1063420261614882816,1063427943285526529,1063431420044775424),(1063428113599434752,'rock sports electro',120,3,'LiteSaturation',1063428113599434752,'2024-12-08 21:54:45',1063420261614882816,1063428113599434753,1063435636612141056),(1063432776210059264,'sports car',96,2,'FASSounds',1063432776210059264,'2024-12-08 22:13:17',1063420261614882816,1063432776210059265,1063433648541405184),(1063432913657401344,'kings of the surf',115,3,'EugeneMyers',1063432913657401344,'2024-12-08 22:13:50',1063420261614882816,1063432913657401345,1063433684239126528),(1063433242822184960,'slow trap',154,1,'Anton_Vlasov',1063433242822184960,'2024-12-08 22:15:08',1063420261614882816,1063433242822184961,1063435374321340416),(1063434254324731904,'stronger than ever',73,1,'YOTASHI',1063434254324731904,'2024-12-08 22:19:10',1063420261614882816,1063434254324731905,1063435421666643968),(1063434413955747840,'summer trip',155,2,'Exventry_music',1063434413955747840,'2024-12-08 22:19:48',1063420261614882816,1063434413955747841,1063435572485427200),(1063434579668504576,'active sport',160,3,'Kaden_Cook',1063434579668504576,'2024-12-08 22:20:27',1063420261614882816,1063434579668504577,1063435717461544960);
/*!40000 ALTER TABLE `song` ENABLE KEYS */;
UNLOCK TABLES;

--
-- Table structure for table `songlist`
--

DROP TABLE IF EXISTS `songlist`;
/*!40101 SET @saved_cs_client     = @@character_set_client */;
/*!50503 SET character_set_client = utf8mb4 */;
CREATE TABLE `songlist` (
  `songlist_id` bigint NOT NULL AUTO_INCREMENT,
  `user_id` bigint NOT NULL,
  `list_name` varchar(255) DEFAULT NULL,
  `description` text,
  `create_time` datetime NOT NULL DEFAULT CURRENT_TIMESTAMP,
  PRIMARY KEY (`songlist_id`),
  KEY `user_id` (`user_id`),
  CONSTRAINT `songlist_ibfk_1` FOREIGN KEY (`user_id`) REFERENCES `user` (`id`)
) ENGINE=InnoDB AUTO_INCREMENT=70 DEFAULT CHARSET=utf8mb4 COLLATE=utf8mb4_0900_ai_ci;
/*!40101 SET character_set_client = @saved_cs_client */;

--
-- Dumping data for table `songlist`
--

LOCK TABLES `songlist` WRITE;
/*!40000 ALTER TABLE `songlist` DISABLE KEYS */;
INSERT INTO `songlist` VALUES (58,1063425123228454912,'Test','Test songlist','2024-12-08 21:43:27'),(59,1063430995870617600,'byh\'s practice 2','','2024-12-08 22:06:45'),(60,1063430995870617600,'byh\'s practice 1','','2024-12-08 22:10:45'),(61,1063433211448791040,'competiton sunday 1','','2024-12-08 22:16:40'),(62,1063430995870617600,'a list of all songs','','2024-12-08 22:23:02'),(63,1063433211448791040,'competition sunday 2','','2024-12-08 22:31:04'),(64,1063420261614882816,'Test Competition','Test','2024-12-08 22:53:28'),(65,1063425123228454912,'Test 2','test 2 list','2024-12-09 06:46:05'),(66,1063430995870617600,'monday practice 1','','2024-12-09 10:00:14'),(67,1063433211448791040,'monday competition 1','','2024-12-09 10:04:00'),(68,1063637005361090560,'test presentation','demo','2024-12-09 11:46:28'),(69,1063637005361090560,'test2','tesdt demo','2024-12-09 11:50:06');
/*!40000 ALTER TABLE `songlist` ENABLE KEYS */;
UNLOCK TABLES;

--
-- Table structure for table `songlist_song`
--

DROP TABLE IF EXISTS `songlist_song`;
/*!40101 SET @saved_cs_client     = @@character_set_client */;
/*!50503 SET character_set_client = utf8mb4 */;
CREATE TABLE `songlist_song` (
  `songlist_id` bigint NOT NULL,
  `song_id` bigint NOT NULL,
  `performer_name` varchar(64) DEFAULT NULL,
  `performer_id` bigint DEFAULT NULL,
  `id` bigint NOT NULL AUTO_INCREMENT,
  PRIMARY KEY (`id`),
  KEY `song_id` (`song_id`)
) ENGINE=InnoDB AUTO_INCREMENT=152 DEFAULT CHARSET=utf8mb4 COLLATE=utf8mb4_0900_ai_ci;
/*!40101 SET character_set_client = @saved_cs_client */;

--
-- Dumping data for table `songlist_song`
--

LOCK TABLES `songlist_song` WRITE;
/*!40000 ALTER TABLE `songlist_song` DISABLE KEYS */;
INSERT INTO `songlist_song` VALUES (58,1063424885365280768,NULL,NULL,100),(59,1063426740799541248,NULL,NULL,101),(59,1063427373170561024,NULL,NULL,102),(59,1063427943285526528,NULL,NULL,103),(60,1063426740799541248,NULL,NULL,104),(60,1063427373170561024,NULL,NULL,105),(60,1063427943285526528,NULL,NULL,106),(60,1063427373170561024,NULL,NULL,107),(60,1063427943285526528,NULL,NULL,108),(60,1063426740799541248,NULL,NULL,109),(60,1063427373170561024,NULL,NULL,110),(60,1063427943285526528,NULL,NULL,111),(60,1063427373170561024,NULL,NULL,112),(60,1063427373170561024,NULL,NULL,113),(61,1063432776210059264,'Vimal',1063425123228454912,114),(61,1063432913657401344,'byh',1063430995870617600,115),(62,1063424885365280768,NULL,NULL,116),(62,1063426740799541248,NULL,NULL,117),(62,1063433242822184960,NULL,NULL,118),(62,1063434254324731904,NULL,NULL,119),(62,1063427232871092224,NULL,NULL,120),(62,1063427373170561024,NULL,NULL,121),(62,1063432776210059264,NULL,NULL,122),(62,1063434413955747840,NULL,NULL,123),(62,1063427943285526528,NULL,NULL,124),(62,1063428113599434752,NULL,NULL,125),(62,1063432913657401344,NULL,NULL,126),(62,1063434579668504576,NULL,NULL,127),(63,1063424885365280768,'Vimal',1063425123228454912,128),(63,1063432776210059264,'byh',1063430995870617600,129),(63,1063427943285526528,'chang',1063436959663394816,130),(64,1063424885365280768,'Vimal',1063425123228454912,131),(64,1063432913657401344,'byh',1063430995870617600,132),(64,1063427373170561024,'chang',1063436959663394816,133),(65,1063424885365280768,NULL,NULL,134),(65,1063426740799541248,NULL,NULL,135),(66,1063434413955747840,NULL,NULL,136),(66,1063426740799541248,NULL,NULL,137),(66,1063427373170561024,NULL,NULL,138),(66,1063424885365280768,NULL,NULL,139),(66,1063426740799541248,NULL,NULL,140),(66,1063427943285526528,NULL,NULL,141),(67,1063427373170561024,'Vimal',1063425123228454912,142),(67,1063433242822184960,'chang',1063436959663394816,143),(67,1063424885365280768,'byh',1063430995870617600,144),(68,1063424885365280768,NULL,NULL,145),(68,1063427373170561024,NULL,NULL,146),(68,1063434579668504576,NULL,NULL,147),(69,1063434254324731904,NULL,NULL,148),(69,1063432776210059264,NULL,NULL,149),(69,1063428113599434752,NULL,NULL,150),(69,1063434579668504576,NULL,NULL,151);
/*!40000 ALTER TABLE `songlist_song` ENABLE KEYS */;
UNLOCK TABLES;

--
-- Table structure for table `user`
--

DROP TABLE IF EXISTS `user`;
/*!40101 SET @saved_cs_client     = @@character_set_client */;
/*!50503 SET character_set_client = utf8mb4 */;
CREATE TABLE `user` (
  `id` bigint NOT NULL,
  `user_name` varchar(64) NOT NULL,
  `password` varchar(64) NOT NULL,
  `type` int NOT NULL,
  `audio` bigint NOT NULL,
  PRIMARY KEY (`id`),
  KEY `user_user_name_index` (`user_name`)
) ENGINE=InnoDB DEFAULT CHARSET=utf8mb4 COLLATE=utf8mb4_0900_ai_ci;
/*!40101 SET character_set_client = @saved_cs_client */;

--
-- Dumping data for table `user`
--

LOCK TABLES `user` WRITE;
/*!40000 ALTER TABLE `user` DISABLE KEYS */;
INSERT INTO `user` VALUES (1063420261614882816,'Vimal Coach','755e8ab0b6340cfa7a99080bf6018df1',2,1063420261619077120),(1063425123228454912,'Vimal','755e8ab0b6340cfa7a99080bf6018df1',1,1063425123232649216),(1063430995870617600,'byh','e10adc3949ba59abbe56e057f20f883e',1,1063430995870617601),(1063433211448791040,'lyq','e10adc3949ba59abbe56e057f20f883e',2,1063433211448791041),(1063436959663394816,'chang','e10adc3949ba59abbe56e057f20f883e',1,1063436959675977728),(1063637005361090560,'Test Skater','e10adc3949ba59abbe56e057f20f883e',1,1063637005361090561);
/*!40000 ALTER TABLE `user` ENABLE KEYS */;
UNLOCK TABLES;

--
-- Table structure for table `user_song_count`
--

DROP TABLE IF EXISTS `user_song_count`;
/*!40101 SET @saved_cs_client     = @@character_set_client */;
/*!50503 SET character_set_client = utf8mb4 */;
CREATE TABLE `user_song_count` (
  `id` bigint NOT NULL AUTO_INCREMENT,
  `user_id` bigint NOT NULL,
  `song_id` bigint NOT NULL,
  `count` int DEFAULT '1',
  PRIMARY KEY (`id`),
  UNIQUE KEY `uk_user_song` (`user_id`,`song_id`)
) ENGINE=InnoDB AUTO_INCREMENT=39 DEFAULT CHARSET=utf8mb4 COLLATE=utf8mb4_0900_ai_ci;
/*!40101 SET character_set_client = @saved_cs_client */;

--
-- Dumping data for table `user_song_count`
--

LOCK TABLES `user_song_count` WRITE;
/*!40000 ALTER TABLE `user_song_count` DISABLE KEYS */;
INSERT INTO `user_song_count` VALUES (10,1063425123228454912,1063424885365280768,11),(11,1063430995870617600,1063426740799541248,8),(12,1063430995870617600,1063427373170561024,46),(13,1063430995870617600,1063427943285526528,3),(14,1063433211448791040,1063432776210059264,2),(15,1063433211448791040,1063432913657401344,2),(16,1063430995870617600,1063424885365280768,10),(17,1063430995870617600,1063433242822184960,1),(18,1063430995870617600,1063434254324731904,1),(19,1063430995870617600,1063427232871092224,1),(20,1063430995870617600,1063432776210059264,99),(21,1063430995870617600,1063434413955747840,2),(22,1063430995870617600,1063428113599434752,1),(23,1063430995870617600,1063432913657401344,1),(24,1063430995870617600,1063434579668504576,76),(25,1063420261614882816,1063424885365280768,7),(26,1063420261614882816,1063427373170561024,4),(27,1063420261614882816,1063432913657401344,1),(28,1063425123228454912,1063426740799541248,4),(29,1063425123228454912,1063427373170561024,1),(30,1063425123228454912,1063433242822184960,1),(31,1063425123228454912,1063434254324731904,1),(32,1063433211448791040,1063424885365280768,3),(33,1063433211448791040,1063427373170561024,3),(34,1063433211448791040,1063427943285526528,1),(35,1063637005361090560,1063424885365280768,2),(36,1063637005361090560,1063427373170561024,1),(37,1063637005361090560,1063434579668504576,1),(38,1063637005361090560,1063434254324731904,1);
/*!40000 ALTER TABLE `user_song_count` ENABLE KEYS */;
UNLOCK TABLES;
/*!40103 SET TIME_ZONE=@OLD_TIME_ZONE */;

/*!40101 SET SQL_MODE=@OLD_SQL_MODE */;
/*!40014 SET FOREIGN_KEY_CHECKS=@OLD_FOREIGN_KEY_CHECKS */;
/*!40014 SET UNIQUE_CHECKS=@OLD_UNIQUE_CHECKS */;
/*!40101 SET CHARACTER_SET_CLIENT=@OLD_CHARACTER_SET_CLIENT */;
/*!40101 SET CHARACTER_SET_RESULTS=@OLD_CHARACTER_SET_RESULTS */;
/*!40101 SET COLLATION_CONNECTION=@OLD_COLLATION_CONNECTION */;
/*!40111 SET SQL_NOTES=@OLD_SQL_NOTES */;

-- Dump completed on 2024-12-09 19:13:15
